node	type
166	gene
64170	gene
137209	gene
373	gene
170954	gene
10318	gene
26276	gene
64601	gene
55823	gene
9748	gene
79753	gene
5411	gene
7936	gene
7469	gene
128866	gene
3064	gene
51652	gene
148362	gene
6788	gene
60485	gene
10456	gene
6789	gene
1452	gene
81610	gene
90550	gene
91689	gene
6293	gene
10193	gene
5442	gene
64216	gene
1398	gene
64762	gene
9402	gene
2885	gene
79077	gene
7205	gene
64745	gene
10262	gene
7185	gene
9240	gene
64115	gene
4686	gene
51808	gene
22916	gene
79833	gene
79760	gene
4722	gene
28976	gene
51295	gene
5573	gene
79666	gene
81631	gene
26003	gene
1635	gene
5092	gene
200081	gene
6925	gene
2801	gene
10475	gene
10935	gene
23204	gene
1967	gene
7186	gene
5631	gene
1355	gene
94081	gene
10987	gene
64708	gene
9111	gene
79147	gene
64802	gene
51248	gene
54477	gene
80273	gene
60314	gene
60489	gene
2275	gene
55178	gene
4343	gene
57332	gene
100528062	gene
84445	gene
22806	gene
10783	gene
140609	gene
388324	gene
5610	gene
27161	gene
57690	gene
1974	gene
56658	gene
10450	gene
56949	gene
9716	gene
5774	gene
11180	gene
6386	gene
51538	gene
1736	gene
55505	gene
55651	gene
5824	gene
51561	gene
3593	gene
5976	gene
55802	gene
1656	gene
4089	gene
23644	gene
9530	gene
10445	gene
29079	gene
58490	gene
4301	gene
25945	gene
5819	gene
332	gene
3619	gene
9212	gene
57159	gene
56915	gene
22894	gene
51010	gene
56616	gene
3725	gene
9188	gene
4904	gene
8891	gene
9470	gene
56478	gene
1977	gene
8467	gene
11177	gene
60496	gene
29979	gene
56893	gene
27316	gene
27350	gene
64145	gene
11311	gene
140735	gene
9454	gene
8664	gene
6636	gene
9099	gene
7534	gene
89953	gene
3881	gene
64422	gene
11337	gene
11345	gene
9140	gene
3329	gene
23410	gene
23063	gene
23047	gene
10735	gene
23397	gene
10051	gene
90993	gene
22908	gene
27067	gene
55588	gene
9440	gene
55149	gene
64795	gene
54994	gene
5987	gene
29086	gene
8887	gene
54981	gene
4615	gene
51135	gene
3656	gene
150684	gene
54951	gene
23412	gene
8575	gene
55646	gene
2091	gene
6500	gene
54850	gene
54820	gene
54433	gene
11200	gene
26574	gene
7014	gene
54386	gene
7532	gene
9774	gene
10454	gene
23118	gene
6885	gene
3312	gene
23640	gene
3839	gene
27430	gene
29998	gene
4848	gene
246175	gene
85456	gene
170622	gene
29099	gene
28952	gene
23582	gene
29088	gene
9694	gene
55831	gene
51079	gene
29078	gene
53616	gene
4139	gene
51545	gene
23281	gene
84708	gene
11030	gene
5108	gene
55722	gene
29922	gene
65082	gene
57617	gene
57542	gene
10254	gene
4734	gene
7405	gene
581	gene
7329	gene
10055	gene
1499	gene
10013	gene
1956	gene
2017	gene
55737	gene
51699	gene
9559	gene
8662	gene
27335	gene
4928	gene
10482	gene
23636	gene
9972	gene
26097	gene
10189	gene
51439	gene
6400	gene
80020	gene
10980	gene
50813	gene
9318	gene
8533	gene
2873	gene
2006	gene
10516	gene
8915	gene
10892	gene
8517	gene
1029	gene
1616	gene
60561	gene
148223	gene
7283	gene
27229	gene
5868	gene
25777	gene
3326	gene
26973	gene
29110	gene
148022	gene
6782	gene
29978	gene
5886	gene
712	gene
975	gene
23670	gene
6850	gene
29761	gene
8607	gene
741	gene
29950	gene
22827	gene
55967	gene
114049	gene
51504	gene
10513	gene
50808	gene
7851	gene
2686	gene
84376	gene
51361	gene
79158	gene
84572	gene
79576	gene
51428	gene
1838	gene
26088	gene
8189	gene
51692	gene
64852	gene
3065	gene
23186	gene
5347	gene
9329	gene
150483	gene
9747	gene
5204	gene
149371	gene
55110	gene
10286	gene
267	gene
23405	gene
26986	gene
10762	gene
3838	gene
3840	gene
23633	gene
4176	gene
26512	gene
9529	gene
6895	gene
23567	gene
5721	gene
5720	gene
4289	gene
23549	gene
29966	gene
57464	gene
1627	gene
23613	gene
22974	gene
2010	gene
29777	gene
4210	gene
29108	gene
4832	gene
22954	gene
5710	gene
83692	gene
55768	gene
Q9UN81	gene
10273	gene
50943	gene
9531	gene
3320	gene
11252	gene
6643	gene
58533	gene
9429	gene
10920	gene
22994	gene
80184	gene
23112	gene
6687	gene
51493	gene
51637	gene
1653	gene
8767	gene
10392	gene
51386	gene
8661	gene
9675	gene
351	gene
9445	gene
8945	gene
114088	gene
7097	gene
10333	gene
902	gene
117178	gene
49856	gene
22983	gene
4086	gene
23592	gene
55093	gene
57511	gene
7704	gene
9967	gene
51602	gene
6635	gene
57819	gene
27258	gene
51103	gene
6732	gene
51631	gene
6432	gene
6733	gene
51465	gene
51013	gene
5966	gene
10972	gene
51014	gene
10959	gene
65003	gene
817	gene
10134	gene
51024	gene
7157	gene
26155	gene
7919	gene
25939	gene
9730	gene
7189	gene
57506	gene
5705	gene
7188	gene
54764	gene
3654	gene
9051	gene
25804	gene
9733	gene
54927	gene
25813	gene
11035	gene
55596	gene
10179	gene
3875	gene
93426	gene
6749	gene
11198	gene
51377	gene
51382	gene
23534	gene
5518	gene
28227	gene
4116	gene
9939	gene
9775	gene
9500	gene
9146	gene
10342	gene
51429	gene
80224	gene
10101	gene
10933	gene
93621	gene
9643	gene
6449	gene
51661	gene
10565	gene
10564	gene
8379	gene
7170	gene
23650	gene
7168	gene
9020	gene
7316	gene
4792	gene
1147	gene
3551	gene
10644	gene
4715	gene
23308	gene
29851	gene
P0DTC9	gene
54502	gene
P0DTD8	gene
388588	gene
P0DTD3	gene
7993	gene
P0DTC4	gene
8546	gene
P0DTC8	gene
5352	gene
10199	gene
10528	gene
1861	gene
8675	gene
P0DTD2	gene
9368	gene
9987	gene
7514	gene
4864	gene
8733	gene
10236	gene
P0DTC7	gene
11260	gene
27243	gene
10228	gene
9136	gene
8677	gene
10492	gene
23476	gene
8674	gene
P0DTC5	gene
9512	gene
Q80H93	gene
7812	gene
P59595	gene
6838	gene
P0DTC3	gene
1362	gene
26156	gene
7466	gene
8614	gene
10897	gene
7542	gene
8436	gene
5327	gene
3105	gene
2064	gene
476	gene
481	gene
3688	gene
3183	gene
6734	gene
6218	gene
3178	gene
284106	gene
3303	gene
3309	gene
34	gene
3482	gene
1291	gene
2108	gene
5817	gene
P0DTC2	gene
7430	gene
3007	gene
3006	gene
4072	gene
488	gene
8531	gene
6139	gene
1459	gene
1312	gene
3181	gene
6046	gene
1786	gene
11338	gene
2040	gene
4140	gene
6134	gene
4015	gene
5046	gene
3163	gene
6133	gene
4363	gene
1495	gene
6146	gene
657	gene
2677	gene
523	gene
3313	gene
23521	gene
11224	gene
4288	gene
4839	gene
P59635	gene
4905	gene
6157	gene
6203	gene
6204	gene
5714	gene
976	gene
3998	gene
A0A663DJA2	gene
5538	gene
5872	gene
220988	gene
27236	gene
8775	gene
2150	gene
83729	gene
567	gene
P59596	gene
4637	gene
51552	gene
6189	gene
6154	gene
10577	gene
6202	gene
6210	gene
6207	gene
6205	gene
6191	gene
6147	gene
6209	gene
6229	gene
9978	gene
1460	gene
6152	gene
6143	gene
7905	gene
3192	gene
5394	gene
857	gene
6141	gene
1660	gene
780	gene
4240	gene
23203	gene
22937	gene
3608	gene
3609	gene
10960	gene
5795	gene
10949	gene
8761	gene
10956	gene
8754	gene
545	gene
8453	gene
29889	gene
23246	gene
P0DTC6	gene
3709	gene
3710	gene
9790	gene
9789	gene
23212	gene
6923	gene
1994	gene
6510	gene
4884	gene
9341	gene
221092	gene
23333	gene
55700	gene
196527	gene
283742	gene
27346	gene
285282	gene
10531	gene
50809	gene
51490	gene
55240	gene
55132	gene
55676	gene
202018	gene
284119	gene
90957	gene
57552	gene
339230	gene
23367	gene
10463	gene
79070	gene
10283	gene
2011	gene
22907	gene
60493	gene
79956	gene
79065	gene
143888	gene
79671	gene
23673	gene
56605	gene
23646	gene
57153	gene
286827	gene
57647	gene
117246	gene
201931	gene
79586	gene
126789	gene
151188	gene
54623	gene
25940	gene
221955	gene
26505	gene
148867	gene
121441	gene
79039	gene
84720	gene
51106	gene
8971	gene
1902	gene
8836	gene
489	gene
143187	gene
60681	gene
54984	gene
10426	gene
79934	gene
27248	gene
494115	gene
113174	gene
199857	gene
26580	gene
92840	gene
92105	gene
55711	gene
90161	gene
114548	gene
94005	gene
P59632	gene
23155	gene
6388	gene
4758	gene
3182	gene
8774	gene
10969	gene
9518	gene
84319	gene
89874	gene
80213	gene
84305	gene
23071	gene
10844	gene
79178	gene
10813	gene
79053	gene
80222	gene
80267	gene
54910	gene
79699	gene
55759	gene
55116	gene
55226	gene
51202	gene
64374	gene
51611	gene
170506	gene
23509	gene
64093	gene
79080	gene
64848	gene
84154	gene
57142	gene
57050	gene
29085	gene
85364	gene
26010	gene
55272	gene
54602	gene
8886	gene
55131	gene
55003	gene
29766	gene
55757	gene
23196	gene
23787	gene
51495	gene
57622	gene
54480	gene
10157	gene
23264	gene
51191	gene
58155	gene
22913	gene
23603	gene
26993	gene
10544	gene
51121	gene
10885	gene
617	gene
23588	gene
25980	gene
50999	gene
51491	gene
25873	gene
10525	gene
26608	gene
51096	gene
26521	gene
29968	gene
29880	gene
28969	gene
DB08834	drug
3678	gene
DB08818	drug
708	gene
DB00626	drug
3416	gene
DB00750	drug
6331	gene
DB00910	drug
7421	gene
DB14738	drug
7450	gene
DB00721	drug
DB14996	drug
716	gene
DB01435	drug
5743	gene
DB00775	drug
3690	gene
DB11632	drug
DB12965	drug
213	gene
DB14004	drug
DB11672	drug
DB14489	drug
7037	gene
2237	gene
2495	gene
54583	gene
3040	gene
7018	gene
DB00928	drug
DB01222	drug
301	gene
DB01195	drug
DB14568	drug
3417	gene
DB04224	drug
5465	gene
6256	gene
DB11834	drug
DB00388	drug
146	gene
DB00533	drug
DB14543	drug
DB15617	drug
DB00741	drug
DB14509	drug
2932	gene
3613	gene
DB04847	drug
DB13967	drug
DB00622	drug
DB11606	drug
DB08916	drug
2066	gene
DB14491	drug
DB01095	drug
3066	gene
DB00852	drug
3558	gene
4772	gene
7124	gene
4790	gene
DB00321	drug
4914	gene
DB00328	drug
DB00061	drug
DB09422	drug
DB15442	drug
1019	gene
1020	gene
1017	gene
1025	gene
DB09035	drug
5133	gene
DB00946	drug
79001	gene
DB06606	drug
916	gene
DB00532	drug
DB00843	drug
4791	gene
DB00502	drug
2904	gene
DB00636	drug
DB00675	drug
5599	gene
DB00201	drug
5591	gene
5290	gene
472	gene
5293	gene
DB00900	drug
4860	gene
DB01035	drug
DB11075	drug
DB11767	drug
3570	gene
DB11967	drug
4214	gene
5605	gene
3569	gene
DB06589	drug
3791	gene
3815	gene
2324	gene
DB00851	drug
23649	gene
DB11714	drug
DB00573	drug
DB12274	drug
DB09061	drug
7416	gene
2876	gene
1728	gene
6647	gene
51393	gene
DB12332	drug
142	gene
DB00870	drug
DB00316	drug
DB06674	drug
DB00459	drug
DB00723	drug
DB00783	drug
8678	gene
DB14700	drug
2157	gene
DB00995	drug
25824	gene
DB05294	drug
7422	gene
DB14520	drug
DB01162	drug
DB00110	drug
714	gene
DB00337	drug
2475	gene
2280	gene
DB01407	drug
DB01259	drug
DB00393	drug
196	gene
DB00686	drug
2247	gene
DB00163	drug
5515	gene
DB09118	drug
3939	gene
3945	gene
DB00590	drug
DB12500	drug
3716	gene
3717	gene
DB14500	drug
DB00473	drug
DB00280	drug
DB00036	drug
DB00864	drug
DB00031	drug
302	gene
4035	gene
5054	gene
821	gene
2243	gene
811	gene
DB09241	drug
2977	gene
DB13167	drug
DB00480	drug
DB01039	drug
DB13751	drug
836	gene
DB00042	drug
6844	gene
DB00541	drug
203068	gene
DB01020	drug
DB00861	drug
DB02659	drug
4512	gene
1329	gene
1345	gene
1327	gene
2235	gene
4513	gene
DB01118	drug
DB00454	drug
DB00069	drug
3454	gene
3455	gene
DB00277	drug
DB04703	drug
DB01013	drug
DB09329	drug
DB12328	drug
DB02701	drug
DB01399	drug
DB00119	drug
5315	gene
5091	gene
DB00570	drug
DB11571	drug
2244	gene
2266	gene
2162	gene
DB01136	drug
3091	gene
2697	gene
3761	gene
DB11601	drug
DB00993	drug
5879	gene
DB00452	drug
7852	gene
DB15569	drug
3845	gene
DB06186	drug
1493	gene
DB00821	drug
DB05239	drug
5604	gene
DB00142	drug
6898	gene
5832	gene
DB00307	drug
DB09214	drug
DB14762	drug
DB15091	drug
DB00018	drug
DB15534	drug
DB01050	drug
2811	gene
596	gene
DB05299	drug
DB01228	drug
DB11263	drug
DB00338	drug
DB00868	drug
DB06779	drug
DB00661	drug
DB01600	drug
DB03193	drug
DB06607	drug
DB14487	drug
5034	gene
8547	gene
3075	gene
6279	gene
6280	gene
2023	gene
1832	gene
5265	gene
1191	gene
226	gene
3848	gene
3827	gene
3858	gene
4830	gene
5052	gene
3728	gene
183	gene
3043	gene
3426	gene
325	gene
2335	gene
3630	gene
4193	gene
335	gene
718	gene
2923	gene
1915	gene
DB01277	drug
DB16695	drug
4233	gene
DB00198	drug
DB00591	drug
DB01186	drug
DB01269	drug
DB15568	drug
DB09112	drug
DB00063	drug
DB00025	drug
90411	gene
DB00013	drug
DB01436	drug
DB00091	drug
5478	gene
819	gene
DB00619	drug
613	gene
DB14541	drug
DB00515	drug
DB01229	drug
DB11300	drug
DB09036	drug
DB15434	drug
DB01005	drug
6240	gene
DB14989	drug
DB00925	drug
DB00631	drug
DB08908	drug
9817	gene
5970	gene
DB03796	drug
DB14539	drug
DB15822	drug
2260	gene
DB01401	drug
DB00123	drug
3735	gene
DB09148	drug
DB01367	drug
DB00814	drug
DB00788	drug
DB09282	drug
DB09336	drug
DB12010	drug
5588	gene
56997	gene
6197	gene
5606	gene
1198	gene
5602	gene
5566	gene
2534	gene
9113	gene
10298	gene
7297	gene
7048	gene
558	gene
1514	gene
983	gene
7535	gene
3932	gene
8573	gene
6195	gene
4067	gene
5894	gene
8408	gene
6714	gene
5601	gene
51765	gene
5608	gene
1457	gene
5170	gene
2081	gene
2931	gene
8737	gene
1432	gene
91754	gene
9641	gene
8899	gene
1969	gene
DB00945	drug
5594	gene
5111	gene
834	gene
595	gene
DB08877	drug
DB06637	drug
3741	gene
DB01418	drug
DB00009	drug
DB01200	drug
DB00279	drug
DB09074	drug
DB01133	drug
5777	gene
DB11120	drug
DB13133	drug
DB00210	drug
DB01024	drug
3615	gene
DB11079	drug
DB01189	drug
513	gene
DB00120	drug
DB13146	drug
DB11605	drug
DB11718	drug
DB01593	drug
DB00716	drug
57105	gene
DB13954	drug
DB14544	drug
DB04895	drug
DB14488	drug
DB08901	drug
DB00020	drug
6383	gene
DB09037	drug
DB11689	drug
DB01223	drug
DB08995	drug
DB01320	drug
DB00174	drug
DB00398	drug
DB12169	drug
3596	gene
DB05259	drug
3123	gene
DB06404	drug
DB12141	drug
DB01110	drug
3768	gene
4846	gene
DB00494	drug
DB11652	drug
2065	gene
DB10772	drug
3458	gene
DB11693	drug
DB02300	drug
DB00169	drug
DB00963	drug
DB00586	drug
DB06603	drug
DB08912	drug
DB00022	drug
DB00114	drug
211	gene
5837	gene
6472	gene
DB12688	drug
933	gene
DB06782	drug
DB01092	drug
DB01281	drug
942	gene
941	gene
DB11124	drug
DB00243	drug
DB08875	drug
DB06681	drug
DB00118	drug
4143	gene
4144	gene
DB00390	drug
DB06819	drug
DB11338	drug
3627	gene
DB00157	drug
4720	gene
4728	gene
4698	gene
4701	gene
4713	gene
3028	gene
1962	gene
4716	gene
4695	gene
4719	gene
4729	gene
4714	gene
29920	gene
4726	gene
6652	gene
3162	gene
4725	gene
5831	gene
4704	gene
2597	gene
374291	gene
644	gene
1738	gene
231	gene
4724	gene
4191	gene
DB11986	drug
DB00692	drug
DB16820	drug
6616	gene
DB00712	drug
DB13952	drug
DB01083	drug
2194	gene
DB00033	drug
3459	gene
DB01076	drug
1803	gene
DB00364	drug
DB11730	drug
DB01169	drug
5595	gene
7296	gene
207	gene
1026	gene
DB09092	drug
DB13933	drug
DB06154	drug
DB01109	drug
DB11294	drug
3122	gene
3106	gene
DB14507	drug
DB06077	drug
DB01070	drug
DB08910	drug
DB11201	drug
DB05773	drug
DB00988	drug
DB00749	drug
DB00075	drug
919	gene
DB11995	drug
DB01956	drug
DB01370	drug
DB01182	drug
DB00498	drug
DB00499	drug
DB12267	drug
DB00461	drug
DB00170	drug
DB09020	drug
DB01393	drug
DB06757	drug
DB00973	drug
6646	gene
DB06137	drug
DB00055	drug
DB09019	drug
59272	gene
DB01183	drug
7099	gene
DB01426	drug
DB14967	drug
DB00281	drug
DB00095	drug
3687	gene
DB00092	drug
914	gene
DB13346	drug
DB08882	drug
DB01234	drug
DB14707	drug
DB00181	drug
DB06151	drug
DB09237	drug
DB00465	drug
DB00072	drug
DB01270	drug
DB11963	drug
DB00493	drug
DB00608	drug
DB14499	drug
DB08814	drug
DB11952	drug
DB06410	drug
DB09064	drug
DB14845	drug
DB12698	drug
1234	gene
920	gene
DB00130	drug
1503	gene
DB00615	drug
DB09332	drug
DB11633	drug
DB09212	drug
DB00812	drug
DB00740	drug
DB14518	drug
DB00909	drug
DB00282	drug
842	gene
DB13996	drug
DB11639	drug
DB06809	drug
DB00136	drug
DB01021	drug
DB04876	drug
DB11760	drug
DB01099	drug
DB00523	drug
DB11328	drug
DB11638	drug
3956	gene
6194	gene
4627	gene
6124	gene
6234	gene
6193	gene
1655	gene
4869	gene
6223	gene
54205	gene
6421	gene
7203	gene
6633	gene
6222	gene
3184	gene
71	gene
7791	gene
3190	gene
7431	gene
498	gene
8826	gene
539	gene
1072	gene
DB14501	drug
DB12001	drug
DB00206	drug
DB00146	drug
DB13151	drug
DB00041	drug
3559	gene
3561	gene
3560	gene
DB06626	drug
DB12978	drug
DB14490	drug
DB09079	drug
DB01592	drug
DB05260	drug
6241	gene
526	gene
DB02772	drug
DB11193	drug
DB06081	drug
DB01396	drug
DB15149	drug
DB09073	drug
DB01073	drug
DB01056	drug
DB00135	drug
DB09078	drug
DB00074	drug
DB13998	drug
DB14481	drug
DB01158	drug
DB00011	drug
DB08804	drug
2353	gene
DB09149	drug
DB01097	drug
DB01394	drug
DB11800	drug
DB16099	drug
DB01017	drug
DB01327	drug
DB00641	drug
DB11323	drug
DB01632	drug
3251	gene
DB00680	drug
DB11942	drug
DB11793	drug
DB00242	drug
50484	gene
DB16650	drug
DB01029	drug
DB00346	drug
DB06083	drug
DB01378	drug
DB13152	drug
DB14649	drug
DB04743	drug
DB01188	drug
DB01346	drug
DB03088	drug
DB06713	drug
DB12872	drug
DB01708	drug
DB00451	drug
3685	gene
DB00630	drug
DB00248	drug
DB01296	drug
DB15685	drug
DB01138	drug
DB01250	drug
DB14517	drug
DB00935	drug
DB03904	drug
DB00720	drug
293	gene
DB06773	drug
87	gene
DB01064	drug
DB01262	drug
DB01275	drug
5033	gene
DB00051	drug
DB00266	drug
DB11626	drug
7132	gene
DB01345	drug
DB08911	drug
DB09130	drug
3189	gene
5037	gene
3921	gene
6622	gene
3008	gene
710	gene
10963	gene
7529	gene
23468	gene
1973	gene
10399	gene
6426	gene
350	gene
DB00159	drug
DB09330	drug
DB00039	drug
3339	gene
DB09559	drug
DB14724	drug
DB00991	drug
DB00784	drug
DB00668	drug
DB13956	drug
DB00580	drug
DB09140	drug
DB08904	drug
DB11311	drug
DB15303	drug
DB00288	drug
DB15694	drug
978	gene
DB04657	drug
6389	gene
DB01179	drug
DB08871	drug
DB00323	drug
DB13999	drug
DB00004	drug
DB01014	drug
DB13257	drug
DB03255	drug
DB06217	drug
DB01065	drug
DB14542	drug
DB15102	drug
DB06273	drug
DB00688	drug
DB00997	drug
9221	gene
DB00540	drug
DB00746	drug
DB14723	drug
DB04272	drug
3704	gene
DB13926	drug
DB00105	drug
DB00511	drug
DB01248	drug
DB09213	drug
DB05889	drug
DB13949	drug
DB00045	drug
DB00795	drug
DB11945	drug
DB00696	drug
DB00753	drug
DB11348	drug
DB01254	drug
6777	gene
DB05015	drug
DB00949	drug
DB14669	drug
DB00244	drug
DB11607	drug
DB01427	drug
DB00441	drug
DB04115	drug
DB03615	drug
DB15762	drug
DB00877	drug
DB06152	drug
DB00100	drug
DB00554	drug
DB00435	drug
DB04855	drug
DB00056	drug
945	gene
DB13173	drug
DB09301	drug
DB01078	drug
DB08813	drug
DB02546	drug
DB11791	drug
DB00755	drug
DB06694	drug
DB00156	drug
DB12483	drug
DB11771	drug
DB13961	drug
DB04835	drug
DB00774	drug
DB00132	drug
DB04540	drug
DB00412	drug
DB10770	drug
DB01022	drug
DB01244	drug
DB13955	drug
DB00800	drug
DB00317	drug
DB13615	drug
64127	gene
DB04820	drug
DB00068	drug
DB06335	drug
DB00298	drug
DB03756	drug
DB06774	drug
11331	gene
DB01125	drug
DB08865	drug
DB09151	drug
DB01077	drug
DB00211	drug
DB11817	drug
DB08896	drug
DB00481	drug
5272	gene
DB00677	drug
DB00002	drug
DB06595	drug
DB08439	drug
DB00121	drug
DB00903	drug
DB06616	drug
DB15233	drug
DB00908	drug
DB15248	drug
6554	gene
DB00153	drug
DB11581	drug
DB00527	drug
DB11071	drug
DB14864	drug
DB01120	drug
DB09103	drug
DB00233	drug
DB00893	drug
2512	gene
DB00379	drug
DB16390	drug
DB13995	drug
DB11828	drug
DB15035	drug
DB01628	drug
DB14498	drug
DB00197	drug
DB15598	drug
DB00682	drug
DB00192	drug
DB00083	drug
DB00924	drug
DB00469	drug
DB05578	drug
DB00754	drug
DB11327	drug
DB14975	drug
DB00457	drug
DB00458	drug
DB00145	drug
2617	gene
DB01241	drug
DB11823	drug
DB00204	drug
DB00128	drug
10606	gene
55157	gene
444	gene
DB06153	drug
DB00098	drug
DB09054	drug
DB14548	drug
DB00707	drug
3949	gene
DB06176	drug
DB11976	drug
DB01590	drug
DB12147	drug
DB00060	drug
DB00513	drug
DB01119	drug
DB00129	drug
83884	gene
DB00034	drug
DB09270	drug
DB13953	drug
DB08888	drug
DB16703	drug
6093	gene
DB13783	drug
DB11093	drug
DB00276	drug
DB15627	drug
DB00008	drug
DB11359	drug
DB08885	drug
7423	gene
DB01088	drug
DB03147	drug
2671	gene
9131	gene
DB00482	drug
DB00500	drug
DB00360	drug
DB11886	drug
DB09069	drug
10449	gene
DB00227	drug
DB01430	drug
DB11697	drug
DB01380	drug
DB11094	drug
DB09568	drug
DB01048	drug
DB00175	drug
DB00939	drug
DB12159	drug
3565	gene
DB00112	drug
DB13873	drug
DB00936	drug
DB00015	drug
DB11572	drug
DB00811	drug
DB09216	drug
DB04209	drug
DB09122	drug
DB16694	drug
DB05679	drug
DB00065	drug
DB06372	drug
3552	gene
DB09517	drug
DB14540	drug
DB11641	drug
DB00028	drug
720	gene
DB01419	drug
DB01303	drug
DB13170	drug
DB06287	drug
DB08862	drug
DB16007	drug
DB03754	drug
DB00313	drug
DB01283	drug
DB08895	drug
DB11077	drug
5167	gene
DB01009	drug
DB14999	drug
DB16267	drug
DB00029	drug
DB00005	drug
DB01261	drug
DB02266	drug
DB06366	drug
DB00252	drug
DB08931	drug
DB09091	drug
DB00959	drug
DB11312	drug
DB11595	drug
DB13501	drug
DB15133	drug
DB06144	drug
DB00575	drug
DB01033	drug
DB11133	drug
DB09108	drug
DB09228	drug
DB04868	drug
DB06203	drug
DB06725	drug
DB00605	drug
DB01268	drug
DB13931	drug
DB08868	drug
DB00368	drug
DB14631	drug
DB14533	drug
DB12015	drug
DB14840	drug
DB05099	drug
DB00530	drug
DB01142	drug
DB03017	drug
DB06262	drug
DB00173	drug
DB06736	drug
DB01403	drug
DB00594	drug
6548	gene
DB15119	drug
DB00143	drug
4259	gene
DB00361	drug
DB00054	drug
DB14751	drug
DB01611	drug
DB06207	drug
DB14973	drug
DB00126	drug
8985	gene
DB06802	drug
DB00706	drug
C0079153	disease
C0035934	disease
1387	gene
C0342185	disease
C1970712	disease
1027	gene
C3665704	disease
C0272340	disease
C1843463	disease
C1833030	disease
C0266313	disease
C1855796	disease
C0032000	disease
C0268389	disease
C0026764	disease
C0025202	disease
C4551859	disease
C0009402	disease
4088	gene
C3280586	disease
4153	gene
C0023467	disease
C0023487	disease
C0024117	disease
6441	gene
C0002736	disease
C2697932	disease
C0011860	disease
C1721006	disease
C0268237	disease
C0796059	disease
5648	gene
C1840296	disease
C0004153	disease
C0015934	disease
C0018801	disease
C0018802	disease
C0020538	disease
C0027051	disease
C0085580	disease
C0011881	disease
C0376358	disease
C0002395	disease
C0007102	disease
C0024301	disease
C0024305	disease
C0919267	disease
898	gene
C1140680	disease
C2239176	disease
C0023827	disease
C0205824	disease
C1370889	disease
C0006142	disease
C0027662	disease
C0678222	disease
5245	gene
C0001418	disease
C0004763	disease
C0007134	disease
C0009319	disease
C0009375	disease
C0011581	disease
C0014175	disease
C0014859	disease
C0020429	disease
C0027627	disease
C0038358	disease
6772	gene
C1839736	disease
81887	gene
C0015967	disease
C0011884	disease
C0033578	disease
C0021368	disease
C0023890	disease
C0007138	disease
C0017658	disease
C0034069	disease
C0032460	disease
C0036341	disease
C0038220	disease
C0017668	disease
C0019562	disease
C0162671	disease
C0026640	disease
C0041696	disease
C0016059	disease
C0242350	disease
C0265965	disease
C1879321	disease
C0018800	disease
C0239981	disease
C2609414	disease
C0023904	disease
C0024668	disease
C0011853	disease
C0023434	disease
C0024299	disease
C0035304	disease
598	gene
C0151779	disease
C1512419	disease
C1833662	disease
C0013604	disease
C2931735	disease
C4551675	disease
C0026998	disease
C0007786	disease
C0035126	disease
C0270824	disease
C0006845	disease
C1866070	disease
7341	gene
C0268135	disease
7507	gene
C0599973	disease
C1850169	disease
5479	gene
C4551527	disease
81	gene
861	gene
C0035335	disease
5925	gene
8314	gene
C0220633	disease
C1853118	disease
C0750384	disease
C1833296	disease
25978	gene
C0029463	disease
C2717906	disease
C1832388	disease
C0149925	disease
C3151085	disease
10747	gene
C2677338	disease
88	gene
C0024141	disease
C1260899	disease
C0043346	disease
C1853139	disease
10059	gene
C0085390	disease
C1836482	disease
C0338451	disease
C1836076	disease
C1843832	disease
C2676137	disease
C0025286	disease
C0014544	disease
C0022665	disease
C0005684	disease
C0019243	disease
C1852700	disease
C0751483	disease
C2675860	disease
C0265219	disease
7531	gene
C0025500	disease
C0279702	disease
C0340970	disease
C0740457	disease
C3280642	disease
C0242379	disease
C0005695	disease
C2931456	disease
C1862892	disease
C0040034	disease
C3463824	disease
C0345967	disease
C1458155	disease
C0338462	disease
C1142166	disease
C1859062	disease
C1261473	disease
7428	gene
C1879286	disease
C4551804	disease
C1832680	disease
C0017638	disease
C0030297	disease
C1837915	disease
C1861678	disease
23095	gene
C0025149	disease
C0206711	disease
C1306837	disease
C0038644	disease
C2751898	disease
C0024121	disease
C0206686	disease
C0346647	disease
C0031511	disease
C0685889	disease
C0205770	disease
C1837845	disease
C0009404	disease
C0010276	disease
C0079218	disease
C0206624	disease
C0024623	disease
C0007193	disease
C0023976	disease
C0340493	disease
C0006118	disease
C0023903	disease
C0037286	disease
C0235974	disease
C0546837	disease
C2931822	disease
C0032461	disease
C1859972	disease
C0007131	disease
C0007114	disease
C0007137	disease
C0018923	disease
C0079772	disease
C0153381	disease
C0206698	disease
C0279626	disease
C0345904	disease
C0345905	disease
C0549473	disease
C0555198	disease
C0033860	disease
C0035328	disease
C0038356	disease
C0205969	disease
C3805278	disease
C0205645	disease
C0020541	disease
C0205944	disease
C0205641	disease
C0205945	disease
C0259783	disease
C3714644	disease
C4704874	disease
C0027708	disease
C0152013	disease
C0239946	disease
C0020542	disease
C0004238	disease
C0040479	disease
C0001618	disease
C0002152	disease
C0007621	disease
C0010606	disease
C0018671	disease
C0019207	disease
C0019208	disease
C0022116	disease
C0029925	disease
C0038433	disease
C0085136	disease
C0086404	disease
C0205642	disease
C0205643	disease
C0205644	disease
C0302592	disease
C0428791	disease
C0431109	disease
C0677776	disease
C0684249	disease
C0876994	disease
C1168401	disease
C1257931	disease
C4721610	disease
C4721806	disease
C0600518	disease
C0030421	disease
C1527405	disease
C0393559	disease
23111	gene
C0175703	disease
C1836635	disease
C3150939	disease
79228	gene
C1849348	disease
2521	gene
C2674574	disease
C0152018	disease
C0206634	disease
C1333990	disease
C1860896	disease
C1868512	disease
4001	gene
C2931498	disease
2664	gene
C0023893	disease
C0024796	disease
C0220710	disease
C1834674	disease
C0018609	disease
340024	gene
C1850451	disease
C0410179	disease
C3808991	disease
C2677535	disease
C3279885	disease
C2677567	disease
C0265987	disease
C0268654	disease
C1836602	disease
C2676782	disease
64135	gene
C0393591	disease
C0432254	disease
C1843504	disease
C1970173	disease
C0543541	disease
C0004096	disease
C0006625	disease
C0011570	disease
C0028754	disease
C0268281	disease
C2931673	disease
C0013421	disease
C0276226	disease
7187	gene
C1384666	disease
C0022661	disease
C0020456	disease
C0036982	disease
C0740392	disease
C0014474	disease
C0019385	disease
C4551693	disease
C0043207	disease
C1838612	disease
8540	gene
C0432246	disease
5116	gene
C1848534	disease
C2931002	disease
C2751320	disease
C3280358	disease
C0795996	disease
C0005586	disease
C1835813	disease
C1833021	disease
C0010495	disease
C0268351	disease
C1850168	disease
C1864908	disease
79443	gene
C3714534	disease
C0796149	disease
C0012236	disease
C0030193	disease
C0220704	disease
C0265202	disease
C0600427	disease
C0005587	disease
C0795907	disease
C1263846	disease
C0451641	disease
C1838979	disease
C0268350	disease
2200	gene
C1842362	disease
C1869115	disease
C0265313	disease
C1833219	disease
7879	gene
C0024814	disease
C0265287	disease
C1843366	disease
C3554439	disease
51574	gene
C1861456	disease
C1855705	disease
1063	gene
C0268553	disease
C0013581	disease
C3489726	disease
C1836906	disease
5318	gene
C1970239	disease
5962	gene
C2678483	disease
10142	gene
C1858556	disease
C1855923	disease
C0268556	disease
C1321551	disease
C4721845	disease
C0035334	disease
C0151744	disease
C3714756	disease
55621	gene
C1869114	disease
C4016054	disease
C4277682	disease
C0349788	disease
C0878544	disease
C2676721	disease
C2937358	disease
C0079504	disease
C0936256	disease
C2936921	disease
C1851945	disease
C3888090	disease
C0268596	disease
C1864002	disease
C0266006	disease
C4282398	disease
C0023264	disease
C0268226	disease
C2931850	disease
6125	gene
C2675512	disease
6135	gene
C1855188	disease
C1859298	disease
C0026697	disease
C1857719	disease
C0221356	disease
6938	gene
C0743332	disease
C0268228	disease
C1621958	disease
C0020550	disease
C1961099	disease
6232	gene
6235	gene
C0393598	disease
C4316810	disease
8021	gene
C0022595	disease
C0265971	disease
C2677481	disease
C0085110	disease
C2750081	disease
C0740302	disease
6208	gene
C2749936	disease
11160	gene
C0002896	disease
C2675511	disease
6201	gene
C0853897	disease
C0018799	disease
C0027055	disease
C0024899	disease
C0080024	disease
C0238198	disease
C4014261	disease
C1862871	disease
C2750069	disease
C1148551	disease
C0546264	disease
C0272066	disease
C0221013	disease
C1836448	disease
C1836765	disease
C1136033	disease
C3179349	disease
C1336708	disease
C0431399	disease
10464	gene
C4551474	disease
81562	gene
C0023461	disease
C1846142	disease
C0022660	disease
506	gene
C1565662	disease
C0206157	disease
C0005859	disease
641	gene
C0030779	disease
3930	gene
C1854063	disease
C1843896	disease
C1868594	disease
1639	gene
C0751337	disease
C2931048	disease
C1861451	disease
6786	gene
C1864826	disease
C1843292	disease
C2748557	disease
C0748397	disease
C1843315	disease
C1862939	disease
C3279904	disease
C0268354	disease
C1832669	disease
C0410207	disease
C1842563	disease
C1868720	disease
C1800706	disease
C0023418	disease
C1852127	disease
C2931743	disease
C4011726	disease
C0020179	disease
C1832378	disease
9129	gene
C0268193	disease
C1858991	disease
C1844934	disease
7317	gene
C1300285	disease
25839	gene
C1856245	disease
4688	gene
C1850395	disease
22948	gene
C0476089	disease
5424	gene
C3472711	disease
C1847967	disease
C0751208	disease
1399	gene
C3501846	disease
5500	gene
C0016667	disease
2332	gene
C2752147	disease
7508	gene
C1839780	disease
C2936739	disease
6774	gene
C3887645	disease
C0795910	disease
C1969086	disease
C1845095	disease
C1862178	disease
C4721531	disease
C0010346	disease
C1857977	disease
C4317154	disease
C4552079	disease
C1955861	disease
C1968689	disease
C0796137	disease
C0268362	disease
871	gene
C0729264	disease
C0004352	disease
C0009324	disease
C3489795	disease
C0035305	disease
C0033687	disease
26762	gene
C0406810	disease
C0270968	disease
C2607929	disease
C1846431	disease
54808	gene
C1864846	disease
C0265286	disease
C1859569	disease
C4551981	disease
C0220659	disease
C3276228	disease
C1861863	disease
C2678476	disease
C3888088	disease
C2931787	disease
C1850635	disease
C1854540	disease
C0007194	disease
C0949658	disease
25915	gene
C0019202	disease
540	gene
C0268136	disease
2071	gene
C1510460	disease
8481	gene
C0001815	disease
C2678065	disease
C2749019	disease
C2676231	disease
C2676285	disease
C2751831	disease
C1846175	disease
C0026987	disease
C0040028	disease
C1955934	disease
C0029294	disease
C0043459	disease
8504	gene
C4277690	disease
C1832200	disease
5195	gene
C0027022	disease
C0162635	disease
7337	gene
C1857780	disease
C1832274	disease
C1843013	disease
5663	gene
C0796074	disease
1678	gene
C1833308	disease
C0236642	disease
C1266144	disease
C1857821	disease
C1846385	disease
C3160720	disease
C2751318	disease
10111	gene
C1858338	disease
C1842062	disease
C0339527	disease
C1857779	disease
C2675730	disease
C1856053	disease
55165	gene
C0796013	disease
C0302859	disease
C1970161	disease
C1843015	disease
C1867234	disease
C2673874	disease
C0403553	disease
C0149721	disease
C1275278	disease
C1839564	disease
C0017636	disease
C0431391	disease
C0233794	disease
C0752166	disease
C1855675	disease
C3160738	disease
2177	gene
C0040015	disease
C0340978	disease
C1854520	disease
C1836033	disease
9342	gene
C1861195	disease
C0020443	disease
C0020445	disease
C0745103	disease
C1858391	disease
4361	gene
C0282160	disease
C3853779	disease
C1863659	disease
C0015625	disease
C2678503	disease
2296	gene
C0432221	disease
C1866075	disease
C4012790	disease
8878	gene
C1857276	disease
6499	gene
C0015695	disease
C0344559	disease
C1853926	disease
C0278996	disease
C0029401	disease
C0038454	disease
9821	gene
C3888104	disease
C0403445	disease
C0398641	disease
50944	gene
C0010964	disease
C1839928	disease
C4304021	disease
C0149782	disease
C0334588	disease
C0010068	disease
C0020473	disease
C1956346	disease
C0477317	disease
C1842035	disease
C0004135	disease
C3179455	disease
C0021171	disease
C1838647	disease
23418	gene
C1861825	disease
C0220756	disease
C0268247	disease
C0334634	disease
C1837029	disease
C1846006	disease
C1868310	disease
C0034341	disease
C0221757	disease
C3150958	disease
5664	gene
C1845073	disease
C1845117	disease
C1845919	disease
C1970879	disease
C1319315	disease
C0024115	disease
C1847200	disease
C1970197	disease
7991	gene
C0009447	disease
C1846008	disease
C0027651	disease
C2363142	disease
C0034067	disease
C0497327	disease
C0345893	disease
C0220658	disease
7042	gene
C1832940	disease
C1868081	disease
C4551898	disease
5205	gene
C2584774	disease
C1845146	disease
C0406612	disease
C0432283	disease
C1563720	disease
C0795998	disease
C1970253	disease
C0010278	disease
C0149630	disease
4851	gene
C3887892	disease
C4551899	disease
C2748568	disease
84876	gene
C0265535	disease
C4316812	disease
C0272350	disease
C0432122	disease
C0265218	disease
C0162809	disease
4780	gene
C0268318	disease
C4551482	disease
C1864730	disease
C0342384	disease
C0268312	disease
C0812437	disease
C1275126	disease
C3275447	disease
8260	gene
C1861366	disease
C0796016	disease
C0003811	disease
C0152101	disease
C2931244	disease
C2749477	disease
C4551854	disease
C2931010	disease
91949	gene
C0018522	disease
C0751882	disease
C0751884	disease
C0026769	disease
C1868672	disease
9688	gene
C0265221	disease
55624	gene
C2750067	disease
29072	gene
C0457133	disease
C0001768	disease
56262	gene
C1843478	disease
C3151519	disease
5194	gene
C0282525	disease
C1720863	disease
C3469186	disease
3077	gene
C0265514	disease
C2931276	disease
C0014084	disease
C3810062	disease
3703	gene
C0392514	disease
C0024454	disease
C0023787	disease
C0221032	disease
C1847197	disease
63916	gene
C0699791	disease
C0018995	disease
C0162566	disease
4919	gene
C3809160	disease
5519	gene
C1845408	disease
C0700501	disease
C0034065	disease
C0040053	disease
C0398623	disease
3135	gene
C0029455	disease
C0032463	disease
C1847759	disease
C1846672	disease
C3203102	disease
C0856761	disease
C1855553	disease
8050	gene
C0340543	disease
81622	gene
C2675861	disease
C0019154	disease
C0751651	disease
84126	gene
C2973725	disease
C0023473	disease
C0376545	disease
C0836924	disease
C0686353	disease
C0028326	disease
5781	gene
C0175704	disease
C0349639	disease
C2750737	disease
C1832525	disease
6444	gene
C4551602	disease
C1847667	disease
C0011989	disease
7040	gene
C0339278	disease
7045	gene
C1275685	disease
C1690006	disease
C0221406	disease
9101	gene
C1841984	disease
11146	gene
C1850106	disease
56975	gene
C0410530	disease
C1562894	disease
C1641846	disease
C1837974	disease
C0521723	disease
C2750471	disease
C4551484	disease
C0010674	disease
C4552100	disease
C0039101	disease
6760	gene
C1266119	disease
6778	gene
C0029456	disease
C0521607	disease
C1275081	disease
C0587248	disease
C1868684	disease
5000	gene
8797	gene
C0041409	disease
C1527404	disease
C0011882	disease
C0019284	disease
C0029408	disease
C1328840	disease
355	gene
C0085132	disease
2990	gene
C0027831	disease
4763	gene
C0162678	disease
C0272302	disease
23218	gene
C1861735	disease
C1865596	disease
1718	gene
C2931482	disease
C0553586	disease
C1834235	disease
C2678046	disease
10075	gene
C3279964	disease
C2717750	disease
2494	gene
C1838951	disease
C0027830	disease
C0342288	disease
C1838577	disease
5654	gene
C2931461	disease
C0553580	disease
2130	gene
C0265293	disease
C0022568	disease
C0032285	disease
C0242383	disease
C2733158	disease
C0011854	disease
867	gene
C0398691	disease
4598	gene
C1959626	disease
C1845546	disease
C2677903	disease
C0342731	disease
C1867981	disease
C2750791	disease
83696	gene
C1704429	disease
C0949506	disease
5687	gene
8301	gene
C0025958	disease
C0033300	disease
4000	gene
C1449563	disease
C2750785	disease
C1854154	disease
C0410190	disease
C0432291	disease
C1720860	disease
C0796031	disease
C1858172	disease
C0406585	disease
C0410189	disease
C1857829	disease
C2750035	disease
C2678312	disease
9820	gene
4849	gene
C2752041	disease
23363	gene
C0271694	disease
C0175702	disease
9031	gene
C0265205	disease
1855	gene
C1450051	disease
C1720859	disease
C1848862	disease
C1832370	disease
1674	gene
C2673377	disease
C1854467	disease
C1858154	disease
C0020725	disease
C1854896	disease
C2751987	disease
C0410204	disease
274	gene
C2677109	disease
C0033788	disease
7443	gene
C1867005	disease
C3489627	disease
23431	gene
C3645536	disease
C0263428	disease
C1834558	disease
C0376618	disease
C0022716	disease
538	gene
C0043119	disease
7486	gene
C1846564	disease
C1845359	disease
C0268353	disease
C2931746	disease
6821	gene
C0268624	disease
C3550234	disease
5830	gene
C3550273	disease
C1858266	disease
6890	gene
C3502492	disease
C3711370	disease
C0741160	disease
C0282527	disease
672	gene
C2752042	disease
C1704423	disease
C1865285	disease
C0152200	disease
22926	gene
C2750074	disease
6597	gene
C1843042	disease
10484	gene
C2749659	disease
C0796279	disease
78989	gene
C0022603	disease
C0265552	disease
C0027819	disease
57531	gene
C0006826	disease
C1865871	disease
C2751313	disease
C0265338	disease
1857	gene
C0039685	disease
C1514428	disease
C0409818	disease
8890	gene
C4551895	disease
C0002312	disease
C0002895	disease
C0005283	disease
C1306589	disease
10483	gene
C0268390	disease
C0343068	disease
C3266731	disease
C2751536	disease
C0002875	disease
C1858990	disease
C1853286	disease
9871	gene
C0338656	disease
C2931672	disease
C0700299	disease
C3161174	disease
C0019025	disease
C0002876	disease
C0036572	disease
C0085220	disease
C0750901	disease
C0020305	disease
C0019045	disease
C0024530	disease
C0472767	disease
9351	gene
C2316212	disease
C1838702	disease
10594	gene
2896	gene
C1969081	disease
C2677589	disease
C0752347	disease
C0238286	disease
57192	gene
C1855722	disease
60	gene
C1834690	disease
1778	gene
C1846331	disease
C0030567	disease
C1854182	disease
9782	gene
C1835895	disease
23020	gene
9319	gene
1649	gene
C1832600	disease
C1833118	disease
C0001973	disease
C0334121	disease
5903	gene
C0027720	disease
C1861556	disease
C0242422	disease
C1852438	disease
C1850343	disease
C0005129	disease
C0015530	disease
C1280798	disease
C0206655	disease
5081	gene
C1864652	disease
9343	gene
C0265245	disease
C0687150	disease
79577	gene
C1704981	disease
23345	gene
C1837728	disease
9217	gene
C2750514	disease
C0878683	disease
5626	gene
C1853116	disease
C1859353	disease
C0262587	disease
C1840402	disease
C1854058	disease
C1866777	disease
C2751807	disease
C4551961	disease
C4551592	disease
C0019829	disease
C0242343	disease
5630	gene
C0003873	disease
C0007758	disease
C0021390	disease
C1970187	disease
117155	gene
C0017923	disease
2632	gene
C0023374	disease
C2931072	disease
5339	gene
C0017924	disease
C1970431	disease
C1860991	disease
C0432317	disease
C1849722	disease
C0268117	disease
C0265329	disease
C2677349	disease
C1832167	disease
C1836010	disease
64837	gene
C1720957	disease
958	gene
C1855008	disease
C0040136	disease
C2674723	disease
C0334583	disease
C4552097	disease
C2750451	disease
C1721005	disease
3860	gene
C0015696	disease
C0522624	disease
84868	gene
C0341703	disease
C0008370	disease
C0740394	disease
C1708353	disease
C0016781	disease
1406	gene
C3489532	disease
C0796028	disease
C0399376	disease
286077	gene
C1839566	disease
C1844677	disease
C1970827	disease
8148	gene
C1858051	disease
84916	gene
10763	gene
C0002452	disease
C1858301	disease
167691	gene
C3151446	disease
8815	gene
C1849700	disease
C0270972	disease
5885	gene
C1864840	disease
10102	gene
C1835042	disease
C0023452	disease
C1838547	disease
C1969653	disease
C0749424	disease
10135	gene
C4015214	disease
C1864668	disease
11232	gene
C1854311	disease
1380	gene
1401	gene
1437	gene
C1858424	disease
1378	gene
C0677607	disease
C0019069	disease
C1859722	disease
C0003499	disease
C0162568	disease
2308	gene
C1833213	disease
C1853578	disease
C0016952	disease
2592	gene
C0268151	disease
C0751161	disease
2582	gene
2033	gene
C1851316	disease
C1847835	disease
22861	gene
C0085261	disease
C1850718	disease
23479	gene
29760	gene
C0001733	disease
C0032708	disease
2309	gene
2920	gene
C0242488	disease
3265	gene
C1833104	disease
C0398738	disease
3689	gene
C4551479	disease
C1853147	disease
C0002874	disease
C0342276	disease
356	gene
C0036391	disease
C1857100	disease
C0398777	disease
C1279481	disease
C3463916	disease
C1853392	disease
C0268743	disease
C2931788	disease
C0004943	disease
C0038325	disease
C0027404	disease
C0036202	disease
C0699885	disease
C1837028	disease
3575	gene
C0011615	disease
C0011849	disease
C0342283	disease
C1852092	disease
C3150617	disease
C0342800	disease
C0730295	disease
C0008312	disease
3592	gene
C0017662	disease
C0243026	disease
3929	gene
C0205734	disease
C0035455	disease
C2931658	disease
C0752308	disease
C0751362	disease
C2700553	disease
C0268742	disease
C1720821	disease
C0014518	disease
C0019693	disease
C0038013	disease
C0039263	disease
C0030354	disease
C1866040	disease
C0001925	disease
C0158981	disease
C0342302	disease
C1855520	disease
C3837958	disease
C4554117	disease
C3280114	disease
3673	gene
C0549463	disease
4068	gene
C0031069	disease
C0796081	disease
C0268621	disease
C1832942	disease
C2677092	disease
C1832812	disease
4094	gene
C1851347	disease
C0024419	disease
4093	gene
C0079744	disease
C0024314	disease
C0152171	disease
C1857768	disease
C0205710	disease
5428	gene
C0268125	disease
C0020074	disease
C3714976	disease
C0878684	disease
5295	gene
C1970180	disease
C1843851	disease
C1833921	disease
C2677608	disease
C1866552	disease
54949	gene
C1859727	disease
C1865343	disease
C2750078	disease
C1834846	disease
55054	gene
C1970207	disease
C0032914	disease
C1843256	disease
C0524620	disease
C4551985	disease
C0021655	disease
C2751319	disease
5335	gene
C0011875	disease
C0020075	disease
C0525045	disease
C1850303	disease
C0034063	disease
C0699739	disease
C0007222	disease
C0162674	disease
C1835828	disease
51548	gene
C0018553	disease
5728	gene
C0391826	disease
C0265252	disease
C1854416	disease
C1969057	disease
C1959582	disease
6390	gene
C1861303	disease
C1847319	disease
C1866398	disease
C1720956	disease
57379	gene
C0796225	disease
C1861848	disease
C0265326	disease
C1969056	disease
6356	gene
C1848599	disease
604	gene
C0007103	disease
C0014170	disease
5788	gene
6352	gene
5609	gene
C0585362	disease
C1961102	disease
C0238111	disease
C0007097	disease
C0221355	disease
6348	gene
C0020500	disease
6416	gene
6654	gene
C0041341	disease
7249	gene
C1264040	disease
C0472817	disease
C1837873	disease
C0521802	disease
C1853120	disease
C1846707	disease
6908	gene
7248	gene
7415	gene
C0268487	disease
C0376524	disease
7020	gene
C0751674	disease
C1860707	disease
C1264039	disease
C1264041	disease
C0265342	disease
6628	gene
C0342646	disease
C2931299	disease
C3151071	disease
C0085084	disease
C1855548	disease
7098	gene
C0035579	disease
644096	gene
C1854465	disease
C4551951	disease
C4551499	disease
715	gene
C3151078	disease
C1862941	disease
C0520459	disease
C0018790	disease
C0162557	disease
79133	gene
C0042133	disease
C0600327	disease
C0035078	disease
C0033141	disease
C0156147	disease
C0268347	disease
C0007787	disease
C0017665	disease
C1969651	disease
6776	gene
C0036529	disease
C0600228	disease
C0600467	disease
C0002170	disease
C1282968	disease
C1282971	disease
C1282974	disease
C1282975	disease
8893	gene
C1846545	disease
841	gene
8892	gene
C0242647	disease
C1858361	disease
C1858968	disease
843	gene
C3469606	disease
8452	gene
C4721532	disease
C0038525	disease
C1857798	disease
84433	gene
C0023479	disease
865	gene
C0010417	disease
940	gene
4922	gene
Q5GDB5	gene
1489680	gene
9550	gene
890	gene
P59594	gene
P59637	gene
Q7TFA1	gene
P0C6U8	gene
P59636	gene
Q19QW5	gene
Q7TLC7	gene
3837	gene
3836	gene
6773	gene
A0A3G5BIZ0	gene
3661	gene
8665	gene
1917	gene
5706	gene
92359	gene
64398	gene
10540	gene
7917	gene
Q19QW2	gene
54535	gene
7013	gene
57409	gene
Q19QW4	gene
7681	gene
23564	gene
408050	gene
P59634	gene
Q6S8E0	gene
116841	gene
Q7T6S2	gene
23609	gene
5683	gene
23429	gene
6224	gene
9360	gene
10465	gene
55506	gene
11123	gene
100293534	gene
P59633	gene
340061	gene
23586	gene
23513	gene
1501	gene
1739	gene
10276	gene
55615	gene
55914	gene
8502	gene
8874	gene
10928	gene
6300	gene
9758	gene
729025	gene
642968	gene
Q92617	gene
55421	gene
25898	gene
J9TC74	gene
9636	gene
10197	gene
P0DTD1	gene
55922	gene
7314	gene
891	gene
6902	gene
P0DTC1	gene
9868	gene
23765	gene
55027	gene
23195	gene
8829	gene
682	gene
5045	gene
9776	gene
55014	gene
8673	gene
27072	gene
22863	gene
5289	gene
23339	gene
84557	gene
8669	gene
1964	gene
10209	gene
8975	gene
10605	gene
10462	gene
P01892	gene
3276	gene
23028	gene
6385	gene
10010	gene
51125	gene
25921	gene
92906	gene
P51784	gene
5110	gene
79792	gene
10332	gene
7706	gene
728358	gene
9276	gene
81609	gene
56270	gene
4478	gene
54785	gene
6810	gene
6845	gene
7874	gene
9908	gene
4076	gene
440738	gene
84726	gene
9100	gene
84623	gene
10146	gene
1173	gene
9898	gene
5174	gene
665	gene
2912	gene
A5CKE2	gene
537	gene
8480	gene
5806	gene
27252	gene
51056	gene
205860	gene
64927	gene
6672	gene
83755	gene
Q96CW7	gene
2867	gene
P0DTF1	gene
4009	gene
90780	gene
64411	gene
54536	gene
4061	gene
81853	gene
57326	gene
144501	gene
8386	gene
55076	gene
11190	gene
54813	gene
57561	gene
Q04118	gene
6915	gene
79869	gene
342574	gene
5866	gene
10660	gene
8087	gene
389812	gene
10612	gene
Q96NS8	gene
1659	gene
91404	gene
11267	gene
7411	gene
29930	gene
100132247	gene
114904	gene
10615	gene
142689	gene
23500	gene
284348	gene
104	gene
3882	gene
284001	gene
64098	gene
23321	gene
256646	gene
4141	gene
4154	gene
26027	gene
57730	gene
8615	gene
101928601	gene
8218	gene
644943	gene
153657	gene
9466	gene
7103	gene
6924	gene
79725	gene
11140	gene
8239	gene
135892	gene
136991	gene
390792	gene
8496	gene
56947	gene
746	gene
79026	gene
5042	gene
7567	gene
9827	gene
57594	gene
55671	gene
939	gene
147685	gene
123264	gene
3831	gene
5887	gene
7920	gene
115265	gene
27434	gene
150297	gene
8997	gene
83548	gene
117177	gene
146705	gene
154796	gene
440295	gene
344022	gene
5954	gene
10432	gene
23197	gene
9710	gene
23505	gene
25870	gene
6249	gene
55829	gene
23065	gene
58500	gene
813	gene
11194	gene
81786	gene
51194	gene
84858	gene
10509	gene
27069	gene
64689	gene
7417	gene
85439	gene
382	gene
949	gene
55015	gene
2135	gene
9810	gene
162427	gene
9659	gene
51343	gene
140465	gene
5955	gene
23325	gene
9513	gene
105375355	gene
153830	gene
80279	gene
10094	gene
3101	gene
1434	gene
81567	gene
123	gene
79745	gene
26576	gene
4218	gene
10952	gene
4643	gene
285753	gene
90407	gene
124245	gene
6921	gene
30001	gene
56937	gene
9510	gene
6160	gene
80727	gene
705	gene
5232	gene
2137	gene
2820	gene
152789	gene
5522	gene
80142	gene
10487	gene
8362	gene
51234	gene
51290	gene
832	gene
161	gene
1315	gene
53371	gene
63892	gene
57130	gene
4055	gene
81608	gene
6744	gene
29927	gene
3371	gene
163033	gene
84643	gene
8894	gene
10973	gene
5910	gene
159195	gene
55285	gene
57534	gene
55088	gene
57510	gene
146802	gene
26015	gene
89790	gene
30835	gene
284184	gene
51594	gene
9183	gene
23019	gene
9743	gene
9755	gene
10212	gene
9124	gene
53918	gene
3964	gene
4794	gene
5717	gene
5718	gene
5715	gene
6874	gene
11100	gene
11060	gene
9456	gene
10640	gene
23233	gene
10213	gene
5713	gene
22839	gene
607	gene
1654	gene
8663	gene
1965	gene
6373	gene
1856	gene
10282	gene
9570	gene
8795	gene
8743	gene
30000	gene
5688	gene
4097	gene
571	gene
1386	gene
3437	gene
10245	gene
100287932	gene
8968	gene
8520	gene
7074	gene
23265	gene
4659	gene
9919	gene
3841	gene
10093	gene
10095	gene
10552	gene
10109	gene
1665	gene
6836	gene
8667	gene
10526	gene
192669	gene
1317	gene
9894	gene
9128	gene
5709	gene
9444	gene
23543	gene
10026	gene
9738	gene
P62158	gene
10018	gene
7533	gene
27040	gene
7082	gene
55739	gene
10768	gene
10488	gene
10574	gene
10534	gene
4660	gene
9439	gene
9282	gene
5636	gene
9043	gene
196441	gene
7101	gene
11119	gene
5493	gene
7813	gene
904	gene
1500	gene
51397	gene
5499	gene
6992	gene
5501	gene
8079	gene
10049	gene
90423	gene
55626	gene
468	gene
10613	gene
10772	gene
3281	gene
23077	gene
2220	gene
54472	gene
10040	gene
3937	gene
23645	gene
8666	gene
874	gene
8694	gene
11230	gene
10550	gene
7965	gene
5356	gene
10539	gene
57019	gene
8687	gene
9656	gene
9025	gene
9670	gene
6464	gene
9133	gene
51366	gene
10533	gene
11130	gene
984	gene
11143	gene
8807	gene
126003	gene
6175	gene
10592	gene
53938	gene
10569	gene
65220	gene
8089	gene
5509	gene
6780	gene
9532	gene
92597	gene
8940	gene
200734	gene
9189	gene
5525	gene
28958	gene
4938	gene
4043	gene
8717	gene
3134	gene
9631	gene
3014	gene
713	gene
2810	gene
5550	gene
5527	gene
55159	gene
6184	gene
7345	gene
320	gene
10048	gene
3597	gene
6741	gene
1523	gene
1048	gene
4690	gene
51206	gene
6520	gene
2288	gene
10598	gene
6625	gene
6626	gene
1153	gene
7429	gene
1435	gene
7520	gene
2547	gene
3433	gene
3434	gene
230	gene
3579	gene
3576	gene
578	gene
27113	gene
572	gene
7295	gene
4217	gene
10628	gene
1039	gene
51726	gene
5898	gene
8266	gene
9582	gene
1981	gene
23708	gene
26073	gene
6351	gene
6050	gene
5576	gene
3646	gene
10666	gene
2107	gene
2935	gene
64755	gene
126353	gene
3726	gene
4833	gene
78999	gene
3574	gene
8834	gene
6418	gene
7343	gene
3727	gene
1051	gene
7494	gene
6950	gene
10238	gene
6129	gene
5786	gene
6382	gene
Q08AF8	gene
1000	gene
22941	gene
10657	gene
4691	gene
2959	gene
5434	gene
6737	gene
49855	gene
4599	gene
4831	gene
10971	gene
5430	gene
6917	gene
5725	gene
9601	gene
6188	gene
4738	gene
5793	gene
54810	gene
55197	gene
79892	gene
4172	gene
515	gene
5685	gene
57532	gene
102724594	gene
6196	gene
29956	gene
527	gene
4283	gene
790	gene
7850	gene
5494	gene
1843	gene
5797	gene
84988	gene
7174	gene
1937	gene
1936	gene
4939	gene
55038	gene
5520	gene
6272	gene
5861	gene
5577	gene
55177	gene
2965	gene
2967	gene
3799	gene
158067	gene
3305	gene
3308	gene
5981	gene
5982	gene
4113	gene
405	gene
5701	gene
23076	gene
5507	gene
10204	gene
9818	gene
4927	gene
10656	gene
2274	gene
25920	gene
8161	gene
56159	gene
908	gene
10694	gene
6667	gene
5985	gene
5504	gene
317	gene
6137	gene
8554	gene
1537	gene
55660	gene
2823	gene
1337	gene
3301	gene
5704	gene
5700	gene
5480	gene
8454	gene
6158	gene
90624	gene
7386	gene
10379	gene
7109	gene
286887	gene
81565	gene
5557	gene
5558	gene
636	gene
51199	gene
22929	gene
4223	gene
2665	gene
10575	gene
9883	gene
5878	gene
8411	gene
5977	gene
858	gene
4331	gene
4670	gene
3842	gene
396	gene
10181	gene
54821	gene
8772	gene
23647	gene
23173	gene
9632	gene
5708	gene
7009	gene
55666	gene
55968	gene
6396	gene
79023	gene
81929	gene
637	gene
4170	gene
514	gene
50628	gene
11218	gene
55746	gene
57122	gene
348995	gene
53822	gene
7327	gene
5634	gene
5635	gene
196383	gene
10890	gene
9040	gene
54165	gene
7334	gene
10096	gene
10097	gene
387	gene
6242	gene
3107	gene
26520	gene
26519	gene
26051	gene
51177	gene
6217	gene
8487	gene
6637	gene
6632	gene
6634	gene
5436	gene
3021	gene
6230	gene
2782	gene
55832	gene
2783	gene
6233	gene
6434	gene
26232	gene
26270	gene
84759	gene
9168	gene
60559	gene
23478	gene
11335	gene
1982	gene
6868	gene
94031	gene
10951	gene
2079	gene
6428	gene
221937	gene
5935	gene
161291	gene
57198	gene
7019	gene
51065	gene
23016	gene
23404	gene
9590	gene
7088	gene
6742	gene
140809	gene
51651	gene
5862	gene
79169	gene
684	gene
9772	gene
8417	gene
79901	gene
1107	gene
5511	gene
1891	gene
80143	gene
166824	gene
10036	gene
10549	gene
6811	gene
8991	gene
8668	gene
23421	gene
7335	gene
4087	gene
23001	gene
1978	gene
5931	gene
91875	gene
22919	gene
830	gene
8883	gene
6642	gene
11103	gene
9984	gene
8563	gene
80145	gene
6711	gene
6709	gene
11340	gene
2966	gene
23481	gene
84292	gene
1975	gene
1793	gene
7027	gene
84656	gene
1447	gene
9646	gene
23770	gene
30849	gene
9584	gene
10284	gene
4077	gene
10328	gene
56851	gene
9861	gene
9918	gene
8803	gene
9869	gene
10714	gene
7458	gene
23160	gene
4841	gene
9135	gene
114971	gene
5093	gene
8651	gene
6294	gene
5510	gene
80349	gene
7247	gene
9587	gene
57707	gene
7408	gene
597	gene
8290	gene
7360	gene
7164	gene
10989	gene
23244	gene
26007	gene
92609	gene
112936	gene
56850	gene
9924	gene
51144	gene
65263	gene
54520	gene
284695	gene
9873	gene
284361	gene
93380	gene
55183	gene
56254	gene
25959	gene
9662	gene
9474	gene
23310	gene
29781	gene
23313	gene
151987	gene
84975	gene
112714	gene
221927	gene
51061	gene
253260	gene
23098	gene
57610	gene
9524	gene
201562	gene
85440	gene
348093	gene
333932	gene
80789	gene
55656	gene
92140	gene
27044	gene
54931	gene
10480	gene
56257	gene
57020	gene
10260	gene
201161	gene
30850	gene
51599	gene
79660	gene
9847	gene
23085	gene
84282	gene
55749	gene
51497	gene
10250	gene
10367	gene
221154	gene
27043	gene
57521	gene
26259	gene
23089	gene
222484	gene
55037	gene
257397	gene
51280	gene
8495	gene
9711	gene
25983	gene
163590	gene
57187	gene
Q8NI35	gene
57146	gene
81930	gene
253980	gene
51074	gene
9039	gene
57650	gene
145282	gene
55299	gene
55616	gene
25929	gene
56288	gene
84959	gene
115752	gene
4733	gene
55854	gene
91782	gene
257364	gene
23256	gene
23185	gene
10607	gene
2968	gene
10443	gene
11169	gene
2648	gene
8850	gene
10521	gene
599	gene
7353	gene
9181	gene
55342	gene
51604	gene
84912	gene
23558	gene
79594	gene
10827	gene
9238	gene
60412	gene
84335	gene
92421	gene
80221	gene
79571	gene
114791	gene
79902	gene
9093	gene
65056	gene
80153	gene
112950	gene
84946	gene
51028	gene
79078	gene
8939	gene
64395	gene
10906	gene
83737	gene
23376	gene
55698	gene
84461	gene
91408	gene
57473	gene
23368	gene
133619	gene
79677	gene
56160	gene
116985	gene
114823	gene
5514	gene
23214	gene
9223	gene
57761	gene
23013	gene
5707	gene
10200	gene
25828	gene
51141	gene
6048	gene
6457	gene
22980	gene
10045	gene
84300	gene
25844	gene
84272	gene
51138	gene
2519	gene
57035	gene
64223	gene
79022	gene
149986	gene
51593	gene
8907	gene
6624	gene
84271	gene
84365	gene
60468	gene
80131	gene
54976	gene
28991	gene
10043	gene
11059	gene
11052	gene
53826	gene
10621	gene
84164	gene
